0.3745401188473625,0.9507143064099162,0.7319939418114051,2.1081155736457404
0.5986584841970366,0.15601864044243652,0.15599452033620265,3.1458491156497965
0.05808361216819946,0.8661761457749352,0.6011150117432088,0.5612099787614799
0.7080725777960455,0.020584494295802447,0.9699098521619943,-0.011175534514417995
0.8324426408004217,0.21233911067827616,0.18182496720710062,4.647388516430559
0.18340450985343382,0.3042422429595377,0.5247564316322378,0.08186300590645904
0.43194501864211576,0.2912291401980419,0.6118528947223795,0.7219861198164228
0.13949386065204183,0.29214464853521815,0.3663618432936917,0.254367304120696
0.45606998421703593,0.7851759613930136,0.19967378215835974,2.3635628809469673
0.5142344384136116,0.5924145688620425,0.046450412719997725,3.8209764973724853
0.6075448519014384,0.17052412368729153,0.06505159298527952,2.6689319738349004
0.9488855372533332,0.9656320330745594,0.8083973481164611,3.5741645651446343
0.3046137691733707,0.09767211400638387,0.6842330265121569,-1.095465598765795
0.4401524937396013,0.12203823484477883,0.4951769101112702,1.515652395548716
0.034388521115218396,0.9093204020787821,0.2587799816000169,0.899611768087211
0.662522284353982,0.31171107608941095,0.5200680211778108,3.1426933653735487
0.5467102793432796,0.18485445552552704,0.9695846277645586,-0.07339430705237249
0.7751328233611146,0.9394989415641891,0.8948273504276488,2.2165009698545317
0.5978999788110851,0.9218742350231168,0.0884925020519195,4.009508637971571
0.1959828624191452,0.045227288910538066,0.32533033076326434,0.7122837076304785
0.388677289689482,0.2713490317738959,0.8287375091519293,-0.07807710442892003
0.3567533266935893,0.28093450968738076,0.5426960831582485,0.44340375512266217
0.14092422497476265,0.8021969807540397,0.07455064367977082,2.1653722682689738
0.9868869366005173,0.7722447692966574,0.1987156815341724,6.133668545077157
0.005522117123602399,0.8154614284548342,0.7068573438476171,0.09666081893605938
0.7290071680409873,0.7712703466859457,0.07404465173409036,5.68969219332102
0.3584657285442726,0.11586905952512971,0.8631034258755935,-0.7451278387497009
0.6232981268275579,0.3308980248526492,0.06355835028602363,2.924587789943998
0.3109823217156622,0.32518332202674705,0.7296061783380641,-0.19027286294402512
0.6375574713552131,0.8872127425763265,0.4722149251619493,3.675708319734314
0.1195942459383017,0.713244787222995,0.7607850486168974,-0.7397738048184994
0.5612771975694962,0.770967179954561,0.49379559636439074,2.3883581012159096
0.5227328293819941,0.42754101835854963,0.02541912674409519,3.5643827441697264
0.10789142699330445,0.03142918568673425,0.6364104112637804,-1.3312419032365759
0.3143559810763267,0.5085706911647028,0.907566473926093,-0.11737963636144678
0.24929222914887494,0.41038292303562973,0.7555511385430487,-0.5786740911635464
0.22879816549162246,0.07697990982879299,0.289751452913768,0.31349593127151054
0.16122128725400442,0.9296976523425731,0.808120379564417,-0.22097596987223483
0.6334037565104235,0.8714605901877177,0.8036720768991145,2.944022937792602
0.18657005888603584,0.8925589984899778,0.5393422419156507,1.6175662330250586
0.8074401551640625,0.8960912999234932,0.3180034749718639,3.9522790196326603
0.11005192452767676,0.22793516254194168,0.4271077886262563,-0.7399488482527068
0.8180147659224931,0.8607305832563434,0.006952130531190703,5.04241397698654
0.5107473025775657,0.417411003148779,0.22210781047073025,2.397223120569747
0.1198653673336828,0.33761517140362796,0.9429097039125192,-1.5958909171570679
0.32320293202075523,0.5187906217433661,0.7030189588951778,-0.18028358294429025
0.363629602379294,0.9717820827209607,0.9624472949421112,0.41344038594940097
0.25178229582536416,0.49724850589238545,0.30087830981676966,0.8487948754205333
0.2848404943774676,0.036886947354532795,0.6095643339798968,-0.22708297064381489
0.5026790232288615,0.05147875124998935,0.27864646423661144,1.815085394452577
0.9082658859666537,0.23956189066697242,0.1448948720912231,4.224899818224918
0.489452760277563,0.9856504541106007,0.2420552715115004,3.780809331144215
0.6721355474058786,0.7616196153287176,0.23763754399239967,3.897664293415996
0.7282163486118596,0.3677831327192532,0.6323058305935795,2.3439029615540394
0.6335297107608947,0.5357746840747585,0.0902897700544083,4.805054656940034
0.835302495589238,0.32078006497173583,0.18651851039985423,4.928747602585272
0.040775141554763916,0.5908929431882418,0.6775643618422824,-1.2968221098403427
0.016587828927856152,0.512093058299281,0.22649577519793795,0.8425041445836162
0.6451727904094499,0.17436642900499144,0.690937738102466,1.9074818729956302
0.3867353463005374,0.9367299887367345,0.13752094414599325,2.820442232161867
0.3410663510502585,0.11347352124058907,0.9246936182785628,-0.43241323522578734
0.877339353380981,0.2579416277151556,0.659984046034179,3.6915938434389557
0.8172222002012158,0.5552008115994623,0.5296505783560065,3.046288486014777
0.24185229090045168,0.09310276780589921,0.8972157579533268,-1.754931694253055
0.9004180571633305,0.6331014572732679,0.3390297910487007,5.260034560638838
0.3492095746126609,0.7259556788702394,0.8971102599525771,0.6423761063588759
0.8870864242651173,0.7798755458576239,0.6420316461542878,4.344826412197732
0.08413996499504883,0.16162871409461377,0.8985541885270792,-1.7814107042165177
0.6064290596595899,0.009197051616629648,0.1014715428660321,2.941472733397185
0.6635017691080558,0.005061583846218687,0.16080805141749865,2.181971794824679
0.5487337893665861,0.6918951976926933,0.6519612595026005,2.6952344170212394
0.22426930946055978,0.7121792213475359,0.23724908749680007,2.418752723721357
0.3253996981592677,0.7464914051180241,0.6496328990472147,1.056387231856729
0.8492234104941779,0.6576128923003434,0.5683086033354716,3.83467855215823
0.09367476782809248,0.3677158030594335,0.26520236768172545,-0.357355409063708
0.24398964337908358,0.9730105547524456,0.3930977246667604,2.2438035304089454
0.8920465551771133,0.6311386259972629,0.7948113035416484,3.6241048381122196
0.5026370931051921,0.5769038846263591,0.4925176938188639,2.158344644822432
0.1952429877980445,0.7224521152615053,0.2807723624408558,2.140978762125917
0.02431596643145384,0.6454722959071678,0.17711067940704894,0.7141537702604878
0.9404585843529143,0.9539285770025874,0.9148643902204485,4.147859868055201
0.3701587002554444,0.015456616528867428,0.9283185625877254,-1.4130811227742772
0.42818414831731433,0.9666548190436696,0.9636199770892528,1.1715943729690335
0.8530094554673601,0.2944488920695857,0.38509772860192526,3.6114747467187778
0.8511366715168569,0.31692200515627766,0.1694927466860925,4.493703088859033
0.5568012624583502,0.936154774160781,0.696029796674973,2.383463006171714
0.570061170089365,0.09717649377076854,0.6150072266991697,1.1339008600550189
0.9900538501042633,0.14008401523652403,0.5183296523637367,4.088471909623907
0.8773730719279554,0.7407686177542044,0.697015740995268,3.558973253543274
0.7024840839871093,0.35949115121975517,0.29359184426449336,2.547338639212237
0.8093611554785136,0.8101133946791808,0.8670723185801037,3.9406075631133293
0.9132405525564713,0.5113423988609378,0.5015162946871996,4.775065715787877
0.7982951789667752,0.6499639307777652,0.7019668772577033,2.539371777063487
0.795792669436101,0.8900053418175663,0.3379951568515358,5.089842462883627
0.375582952639944,0.093981939840869,0.578280140996174,0.07955083461726448
0.035942273796742086,0.46559801813246016,0.5426446347075766,-0.38528289120856934
0.2865412521282844,0.5908332605690108,0.03050024993904943,2.669984096469042
0.03734818874921442,0.8226005606596583,0.3601906414112629,0.634166240673439
0.12706051265188478,0.5222432600548044,0.7699935530986108,-1.0220744087199982
0.21582102749684318,0.6228904758190003,0.085347464993768,1.7235731679827828
0.0516817211686077,0.531354631568148,0.5406351216101065,-0.7588834535916065
0.6374299014982066,0.7260913337226615,0.9758520794625346,1.2958648324335293
0.5163003483011953,0.32295647294124596,0.7951861947687037,0.8082669580576798
0.2708322512620742,0.4389714207056361,0.07845638134226596,1.6388549591394694
0.02535074341545751,0.9626484146779251,0.8359801205122058,-0.11486378224716975
0.695974206093698,0.4089529444142699,0.17329432007084578,4.5215170367524555
0.15643704267108605,0.25024289816459533,0.5492266647061205,-0.6550356051187621
0.7145959227000623,0.6601973767177313,0.27993389694594284,4.173274926365634
0.9548652806631941,0.7378969166957685,0.5543540525114007,4.836900634324773
0.6117207462343522,0.4196000624277899,0.24773098950115746,3.3906120229835057
0.3559726786512616,0.7578461104643691,0.014393488629755868,3.290352782253822
0.11607264050691624,0.04600264202175275,0.040728802318970136,0.9215232888010374
0.8554605840110072,0.7036578593800237,0.4741738290873252,4.503221627893436
0.09783416065100148,0.49161587511683236,0.4734717707805657,-0.566843970016674
0.17320186991001518,0.43385164923797304,0.39850473439737344,0.9727764770285381
0.6158500980522165,0.6350936508676438,0.04530400977204452,4.657171181313607
0.3746126146264712,0.6258599157142364,0.5031362585800877,1.2337310767312746
0.8564898411883223,0.658693631618945,0.1629344270814297,5.130002105659013
0.07056874740042984,0.6424192782063156,0.026511310541621813,1.8998128581954496
0.5857755812734633,0.9402302414249576,0.575474177875879,2.978258945799914
0.3881699262065219,0.6432882184423532,0.45825289049151663,2.389156420325772
0.5456167893159349,0.9414648087765252,0.38610263780077425,4.6346418980400825
0.9611905638239142,0.9053506419560637,0.19579113478929644,5.636287682346318
0.06936130087516545,0.10077800137742665,0.018221825651549728,-0.19682527140085604
0.0944429607559284,0.6830067734163568,0.07118864846022899,1.7765717030341064
0.3189756302937613,0.8448753109694546,0.023271935735825866,3.57559421876331
0.8144684825889358,0.28185477477339993,0.11816482762165625,4.166124292704126
0.6967371653641506,0.628942846779884,0.877472013527053,2.8357858114598793
0.7350710438038858,0.8034809303848486,0.2820345725713065,3.7669104622135823
0.17743954377972282,0.7506147516408583,0.806834739267264,0.3143823158943442
0.9905051420006733,0.4126176769114265,0.37201808579278317,4.358776396068423
0.7764129607419968,0.34080354025301784,0.9307573256035647,2.631088860508974
0.8584127518430118,0.42899402737501835,0.7508710677914974,3.893696287174663
0.7545428740846823,0.10312386883593261,0.9025529066795667,0.8879750941649027
0.5052523724478571,0.8264574661077416,0.32004960103061175,2.9442494234086434
0.8955232284962005,0.3892016787341631,0.01083765148029836,5.653300488998335
0.9053819764192637,0.09128667678613356,0.31931363759041487,3.5579769980025837
0.9500619670508049,0.9506071469375561,0.5734378881232861,4.908504855793159
0.6318372121697993,0.44844552197831977,0.29321077169806453,3.189138999982648
0.32866454536991596,0.6725184560770384,0.75237452943768,-0.22860052740821157
0.7915790437258485,0.7896181427945539,0.09120610304869037,5.25659432202516
0.49442030470258147,0.057558760016644284,0.5495288823237355,0.5937685095429026
0.441530501373377,0.8877041827582998,0.3509150125520787,2.6837544235273625
0.11706701642760586,0.14299168205283586,0.7615106317174722,-0.6913974471743087
0.6182180633162611,0.10112267612279024,0.08410680611499743,2.4127618033422653
0.70096913145912,0.07276300636419353,0.8218600592903562,1.591394085526907
0.7062422271564962,0.08134878064189976,0.08483771408519192,3.2999140896448007
0.9866395785011755,0.3742707957561203,0.3706421470668909,4.429932958569529
0.8127995672575026,0.9472485773838587,0.9860010638228709,3.3956777476124738
0.7533781852589416,0.37625958553091576,0.08350071669866876,4.438933594544979
0.7771469159274368,0.558404249735805,0.4242220092469763,4.015183549977631
0.906354385094736,0.11119748230615134,0.49262510429085915,3.7603839074798353
0.011353644767419069,0.46866064199412627,0.05630327568183735,0.6595254891881744
0.11881791626807192,0.11752624677710488,0.6492103021160636,-1.4246071987074964
0.7460448792654233,0.5833687650971596,0.9621725484745419,1.467869017818911
0.37487057952370406,0.28571208628186073,0.8685991281894603,-0.5727255793756165
0.22359583851945264,0.9632225394406113,0.012154474689816341,4.4825080600634
0.969878826707639,0.04315991195057611,0.8911431136980711,2.8846244067135274
0.5277011090862999,0.9929647961193003,0.07379656473539886,3.727508260359893
0.5538542844013208,0.969302535619099,0.5230978441701488,2.4773539823625708
0.6293986381352625,0.6957486889846172,0.45454106476777323,3.415800405201473
0.6275580800840634,0.5843143119231002,0.901158010490989,1.8765773914825343
0.04544638034145787,0.2809631895922303,0.9504114840765587,-1.787634253679244
0.8902637838909163,0.45565675278571294,0.6201325978015367,3.3747567348445484
0.2773811829811327,0.1881211597237613,0.46369840493998216,0.3093258895317893
0.3533522280260528,0.5836561118508721,0.07773463696498484,2.864809215016732
0.9743948076661665,0.9862107444796029,0.6981617140197451,4.792856888377468
0.5360963663441204,0.30952761628632774,0.8137950197069487,-0.25149818120135625
0.6847311725538793,0.1626169393448913,0.9109271844938425,0.9012083726900548
0.822537242923169,0.949799913291924,0.72571950838836,3.4094242989044563
0.6134151959357899,0.4182430362906189,0.9327284833540133,1.1929823116524034
0.8660638895004084,0.04521867010618941,0.026366974497252005,5.834285365524369
0.3764633668780496,0.8105533307818329,0.9872761293149445,0.7253359407462325
0.15041689110352818,0.5941307153521351,0.3808908566310215,0.6409084732426477
0.9699143978146032,0.8421189231357087,0.8383287047111379,4.4797244721996465
0.4686931597949703,0.4148195023376652,0.27340707193070624,2.5942275314626695
0.056375496650927115,0.8647223762550532,0.8129010091300776,-0.21733354639957028
0.9997176732861306,0.9966368370739054,0.5554317056026274,5.628992220378417
0.7689874151805105,0.944765729882428,0.8496473906774115,4.213798146049945
0.24734810174319766,0.4505441353100935,0.12915941515149498,1.1849063162187328
0.9540510272587224,0.60617463445088,0.22864280550346272,5.533492027090711
0.6717006844058567,0.6181282404578958,0.3581627180328405,3.057081183855784
0.11355759219962902,0.6715731955927996,0.5203077009037933,0.6277675726434886
0.7723183917356393,0.5201635011119934,0.8521815003185401,1.8860312042035154
0.5519068387744855,0.5609379715353863,0.876653602658345,1.042765922165623
0.40348286621239704,0.13401522845064073,0.028782676313338973,2.051551801904296
0.755137255673619,0.6203095513534647,0.7040797680992236,3.3919744364497078
0.21296416150891073,0.13637147558676976,0.014544665667881929,1.7531569836856544
0.350587558806597,0.5899176868546331,0.3922440450997323,1.133182344219862
0.43747492202372906,0.9041586944937484,0.34825546702330035,2.9783926535361656
0.5139894891598108,0.7836530127411431,0.39654278232127016,2.5928351969429437
0.6220867002278735,0.8623637087467452,0.9495206236576421,1.3573465923222643
0.14707348092903794,0.9265876251614944,0.4921162930795382,1.003685250517379
0.25824438829895835,0.4591357562382613,0.980032575285477,-0.8848456661130265
0.4926180939928696,0.3287516102875082,0.6334008543167258,2.433749370761948
0.24014561877819307,0.07586332810866392,0.12887972191064923,1.1822954970566935
0.12804583895777244,0.15190269351229435,0.13882717264941014,-0.16125568651189814
0.6408747448032146,0.18188008439914483,0.3456672833238632,2.2487450407573015
0.8967884099060118,0.47396164026287235,0.6675577385210272,3.9398837622074216
0.17231987120162984,0.19228901880867078,0.04086861626647886,2.1677929312610167
0.16893506307216455,0.2785903390319586,0.17701048427674682,0.0778328844755205
0.08870253375705561,0.12063587110060081,0.46077876803272577,-1.6375140856812203
0.2063337184057925,0.36426986104807546,0.5034172708548569,1.185439089246434
0.6903948286293653,0.039312139841098936,0.7994103989090426,1.3271743147873485
0.6279003894909078,0.08175903194887191,0.8735786241067772,0.24813777309376783
0.9208724005318132,0.06107795985486375,0.2768776481472037,4.1631995209884
0.8062012797930613,0.7482596903836584,0.18452101935637732,3.656088852155052
0.2093493233367103,0.370472102791382,0.4845229851910213,0.335809619991832
0.618254771530296,0.3689136395697724,0.4625347161331479,2.6054075748131234
0.7474709381337565,0.0366832028905979,0.25243694434402075,3.5155453331868314
0.7133495858845524,0.8952068376871993,0.5116774421156661,3.315181302303894
0.5321134852653157,0.10717201133977605,0.44741236682345464,1.5755179292374462
0.5326172664550232,0.24247050363472966,0.26924323094938096,1.8775853336666384
0.37728416310462265,0.02007119777772637,0.3220791655831783,1.0880175921661897
0.21144800699654465,0.32749735217791465,0.11976213181925122,0.9052751826992869
0.890527280739895,0.5935924535540487,0.6791023191444896,3.3984639337939933
0.7891712386073383,0.4984421989290573,0.08692028808742369,4.18407202923742
0.5371065418185478,0.5868411180208791,0.74543947418433,1.9484646434933355
0.4316595462296794,0.12758030279556376,0.28377590579872447,1.9913561776716837
0.3630822963986351,0.6459172413316012,0.5707783046689119,1.2776007656709352
0.35609672589784624,0.9865152487929797,0.6057748193568872,1.955308666484543
0.23722679173599448,0.10178247262040374,0.15285913918433203,0.20682577905101174
0.24595772838450813,0.16068137325955567,0.18656702405130576,0.8416119922843412
0.2850951686938471,0.17337359529475482,0.8967654246264252,-0.9431755483414028
0.08023374566164221,0.5245113895702547,0.4103968269896615,1.5293975719947235
0.9823786169086064,0.11203890216805235,0.39785559904574164,3.38642057885483
0.9694704332753689,0.8655071258939803,0.8170720709492799,4.859238824693184
0.25790282704493983,0.17088758739006582,0.668643219924431,0.12378903696444193
0.9293759891275858,0.5567628930139298,0.5716126894698998,4.185885865501158
0.2799790936602842,0.7694929331919369,0.18704374855752337,3.2570603311102917
0.3236792364042437,0.4254364386164168,0.507610378684455,1.1324906595041184
0.24240973241508024,0.11483682473920354,0.6106200424416326,-0.19555821793712516
0.28863055324025577,0.5812382214226123,0.1543627152742023,2.1159807367151235
0.4811401018548175,0.5325894325515859,0.05182353682242691,3.927193205119292
0.3366042781939206,0.13441467693897424,0.06337497047276774,2.30996045033469
0.9899602323899452,0.32235384497472297,0.8098744458546349,2.852046870587161
0.25464065476376385,0.6815027222239293,0.7602278598896866,-0.30409845870176533
0.5956387406078443,0.47157618855015837,0.41184091414726853,2.5843330189999043
0.3488682665429953,0.9295291442478258,0.8306194077877291,0.7115221156486177
0.9650269106665126,0.12429722348554473,0.7308674752036443,2.849364287385042
0.9383404568210378,0.18123306616566015,0.0664962673667775,5.473398681678246
0.741120649290059,0.5744731131799119,0.8418287767582721,2.100412314991907
0.1397723766262895,0.7952673118598902,0.20162732004774453,1.6631028560522065
0.1636559428657045,0.16426579793099294,0.8145747202313821,-1.2679014830994404
0.6651972206962001,0.5230654247691193,0.3588304841235025,3.7198409417513743
0.8772005408131083,0.3924451074226354,0.8165994394715771,1.5976499335037786
0.4391349085702184,0.3769444294249076,0.46267978566960644,1.2581738973094394
0.3013778741641421,0.7476093801762511,0.5027203900924792,1.5995888070355115
0.2322126951468173,0.8995745732745685,0.3838912213732114,2.40857843637702
0.5435528611139886,0.9064721109645469,0.6242379959139921,2.4120433160039583
0.11689804070836407,0.9398321236134751,0.6277080530714179,-0.35724606146642013
0.3349056146570861,0.13927207266338726,0.794025189270296,-0.11914762621561464
0.6200727559285135,0.5334610919763215,0.8938925830509576,1.1679270200295229
0.7885972112245307,0.15167487973275118,0.31172206779554823,2.7163362826563313
0.24848913981446574,0.743946292572677,0.03353243473577938,2.3175682851537327
0.5698896848713165,0.7624586857406905,0.8767656367617495,1.6518062067247903
0.34208174871590746,0.8212573046720129,0.11063173695520723,2.7186558097888347
0.8464522917345182,0.12748866233198242,0.39728729056036727,2.1925938831059195
0.7972953657795536,0.14991742734877378,0.22925139523264149,4.047090596340958
0.7222525683930663,0.7200365365460744,0.6411476328852973,3.7653305370409496
0.6939484444671,0.5427244433475962,0.25179905890695276,4.125554927979588
0.34569599350391944,0.18159771680142567,0.9084505613336283,-1.2025191180908448
0.5833917947661205,0.4008514167636399,0.4620058036441327,2.2318986294517247
0.9472833396118153,0.1533514031160802,0.5862298320167972,3.2811693506261164
0.505888678884466,0.6114542354346478,0.01811018382084051,3.997418508610059
0.8721239089441515,0.9321182824836124,0.5651331835892089,4.863626803279395
0.6966508238768923,0.9224993811772957,0.7072386343133986,2.8394500794096085
0.15253904291426135,0.5762883601668132,0.6067150463828559,0.13612457396314573
0.424130671302386,0.7364442356247228,0.9343670147690148,1.019080985761952
0.9255685129067763,0.4508393714041321,0.11323804584075525,5.917718330893264
0.9848411989623346,0.8388980864459341,0.12466268120326685,6.5802673940061025
0.9208418826173723,0.8698963620621283,0.5188380571260721,5.1820163095206615
0.5912754357449292,0.39900270387013026,0.05476163882203133,3.632010983963493
0.3351972416459009,0.8028534485980114,0.004632023004602859,3.9730266090134707
0.3334991716911442,0.3981686935909433,0.5373956029379229,1.0565278348035874
0.9198556164127605,0.34634599436596125,0.3469532018962277,3.820566510020256
0.7375012481097484,0.45221794088980716,0.22460482293998196,4.619812638571005
0.4524395161326934,0.14085702037979986,0.1763869865062233,2.363702298173911
0.49836777273947974,0.4189254495045479,0.9148459010681,0.36363004893795325
0.3623938991166331,0.5805883502780435,0.6322642879195304,0.8366068486810394
0.013094456588333636,0.6635373720167106,0.17803596686975143,1.006726898936216
0.9610703174694551,0.14866272775311296,0.41462412372702373,4.090397069306223
0.08534966807864386,0.9968742518459474,0.5021950103312426,1.0125579459069893
0.5953850173200438,0.06707647738842748,0.7499604703991778,1.0168509669009829
0.20990559309558576,0.8980542894407137,0.20513964048200717,3.080196310201525
0.19068772066366657,0.03654966784809488,0.47206694510999925,0.14610867980196773
0.5648411332626164,0.06570863942835237,0.7755276166950106,0.7243578907172673
0.4532888347480276,0.52439026932758,0.44076274693822814,2.4635917619643553
0.400763060875326,0.5596403313082179,0.1552402459307125,2.141113277437159
0.18192813049527112,0.8617856210135173,0.9461154621336327,-0.006170966924103516
0.37330931627975295,0.27074467314355377,0.6439995432390158,1.3806904728353797
0.4087341710980964,0.02538635566034486,0.15615259736619036,1.516962827016414
0.7159722288473975,0.6589239419101514,0.02709599250348349,4.392604086237297
0.22197216193294944,0.2310747965880714,0.6718927435987284,-0.7697122722518255
0.019710537754364155,0.10410858198457384,0.7999160853731894,-2.6377949220497934
0.1785446620543336,0.6527461078518747,0.23818278104672652,1.091286228771386
0.09944139275934516,0.24317219099945409,0.7222669318556592,-1.368503499066358
0.8556964681062857,0.8302198645669916,0.3971835296184548,4.044587971220726
0.6680851365706462,0.20498429541582097,0.29314773026101326,2.8787602498766347
0.8963358185211198,0.013001923510736035,0.08550853085446808,4.70229593395699
0.20788625514602732,0.026532203873819715,0.18143543508979731,0.09431128813492401
0.5830415609696922,0.42142455059249795,0.8926717110769748,1.8396837346234167
0.8174435617384409,0.34181735169787597,0.2594234334312925,4.247978256057877
0.3796924081672669,0.5902949425148077,0.26806364082287626,2.7901512962093498
0.624148907849134,0.4094116521912404,0.5520471808519802,1.9545090241461418
0.4361265291353167,0.29446575954191767,0.9484533069621567,0.35146685740725636
0.7636057941597608,0.14011317576645255,0.8684679758979128,0.9468844444403139
0.48743119824951364,0.8945522268940914,0.7998552559473152,2.27181842761206
0.42521350446923345,0.022469308320117398,0.2686773593849461,1.4508937307283296
0.5416342146608669,0.6334782198261473,0.2578876854332023,3.4780900666494143
0.13935607407282413,0.8349302367992991,0.9844021807035521,-1.1743630009603634
0.5256901823026858,0.1716792858483035,0.27230732651936895,1.7073525825136266
0.018390676547466733,0.914298806560499,0.11775108289014113,1.8659118563146007
0.5765164755142536,0.274055220687206,0.5541780025157934,1.2939848092861992
0.6514203883518642,0.8297418037072016,0.2064212717606032,4.528924879941477
0.010995828658480478,0.13688563006880727,0.9000186418481051,-3.0548744253444213
0.8738900775625152,0.5974131021703083,0.6005168604336534,4.186813117185567
0.6650366745462555,0.1753712786234496,0.9144119459249598,0.3164284348190427
0.4187705248920731,0.38313852824949746,0.5189177052828375,1.5795265339506095
0.046965966775055046,0.1662833687560794,0.7380336164263704,-1.333888811068677
0.08279866792512647,0.6031521094663882,0.24534910968132095,0.5358643202996585
0.38929561404197655,0.28869373677069987,0.35567271646494913,1.7478606778987986
0.7190459051842455,0.297121715623175,0.5664046402968972,2.620480167943664
0.47605040219909966,0.6636711653626481,0.936829739324758,0.6276841956501515
0.7325720972102503,0.21494037859075676,0.031183135061284672,3.4949144960108067
0.2622640442998251,0.5950779307002548,0.05142581348425035,1.3658857966105944
0.49636624720123634,0.5968428489168892,0.3342438908169608,2.8476102850389244
0.7709122037458219,0.1065982531337718,0.07513778173580876,3.0599427941081996
0.7281887562036033,0.49549131620619846,0.688402396427736,2.614391323867859
0.4348273386037462,0.2464020332391068,0.8191023176741997,0.07790969843322104
0.7994158789689793,0.6946964708544268,0.2721451372299627,4.90960831258296
0.5902306668690871,0.3609738969400268,0.09158207332663415,3.2473321585006545
0.9173135754622428,0.1368186309189614,0.9502373538208024,1.8447691845131842
0.44600577295795574,0.18513292883861965,0.5419009473783581,1.3405272324760915
0.8729458358764083,0.7322248864095612,0.8065611478614497,3.5770245231588733
0.6587833667107174,0.6922765645178525,0.8491956515653193,2.288960986484723
0.24966800885918594,0.4894249636431405,0.22120944181960223,1.7981954410276673
0.987668007996647,0.9440593396866133,0.0394268113685059,5.9403922236473905
0.7055751725156885,0.9252483174156658,0.18057534512733353,5.2150408020212655
0.5679452305526295,0.9154882975880418,0.03394597858579884,4.875099209188636
0.6974202672468399,0.29734900737255077,0.9243961953765304,0.800269200561461
0.9710582451653678,0.9442664891134339,0.47421421665746377,5.199141317244215
0.8620426509893134,0.8445493985350704,0.31910047324325563,5.022356988473126
0.8289154741506773,0.03700763471549262,0.596269878482053,2.3625346125373468
0.23000883728770305,0.12056688577727881,0.07695320162920916,1.3272483363897125
0.6962887758781398,0.33987496376806614,0.7247667715287615,2.7025768832561385
0.06535634079894237,0.31529033783061033,0.5394912923753372,-0.1202281336336648
0.7907231648389635,0.3187525029320699,0.6258913764370091,2.057337104032227
0.8859777482361871,0.6158631881823046,0.23295947475363377,5.273771688437668
0.02440078155653802,0.8700988739009299,0.021269410850387138,2.4628600828010936
0.8747016726841994,0.528937134027212,0.9390676985128962,2.807583796281333
0.7987832357736654,0.9979341105333375,0.35071181545171015,5.483139166172855
0.7671882889311269,0.40193091360924216,0.47987562030390885,4.206311633812774
0.6275054632183701,0.8736771141863388,0.9840834691992951,2.444485909920133
0.7682734138645182,0.41776678216733376,0.4213570022770702,3.537483924646912
0.7375823015888915,0.23877714576830233,0.11047411313139466,4.356587697129255
0.35462215764077654,0.28723899165408173,0.2963081204559901,1.5311083266925216
0.23360775104990994,0.04209318963636188,0.01787393473341381,1.2105548519645097
0.9877223897360315,0.42777313373586234,0.3843266471596817,4.465471156815971
0.6796472826930698,0.21825388786506417,0.9499611839502253,1.7665673167608558
0.786345014415552,0.08941100231225951,0.41758077578492836,2.448590416376494
0.8791183075621647,0.9447320222914103,0.4674015112498697,5.649034910983093
0.6134113892107077,0.16703394609207523,0.9911686261369765,0.6775510216969449
0.2316717013834434,0.9427317741351257,0.6496466489923685,0.39522902080939226
0.6077367948788591,0.5126885110165086,0.2306698117177587,3.555876207769747
0.17652803200550826,0.22048620907017535,0.18643826214425452,-0.28571546209068355
0.7795844735667533,0.3501252591667301,0.05784267656339637,4.737398864892556
0.9691026301408113,0.8837858849634257,0.927752283195213,4.272443812539764
0.9949078226464353,0.1738952492194873,0.39624201890265875,3.837425577137148
0.7582384757040913,0.6960206180537922,0.15389590633985506,4.783319743586267
0.8158331249906178,0.22444057183666066,0.22381761482262308,4.833672641033684
0.5369744228934136,0.5929399348417032,0.5800862078378112,1.8776200085060724
0.09148683739775487,0.8774608626303804,0.26560004258870606,0.8861019909551165
0.12951492128280417,0.8887480798689772,0.9556514982297534,0.29894797269401474
0.8621276172654506,0.8095160747248781,0.6552419806390217,4.945237889125341
0.5508573706091393,0.08698675991141014,0.4084532130706987,1.7047485695803442
0.372688517012314,0.2597537837603262,0.7234201136885849,0.7184213292206458
0.4958757350787708,0.08104621590764793,0.22018320194981134,2.6516594591251565
0.6832587636595959,0.07613085949030018,0.8512069140487687,0.6436926788630816
0.4951465270139743,0.480586577326648,0.5924077846595176,1.4170295180606804
0.8246809659251492,0.34780920790219305,0.6780161525590636,3.4004120443303085
0.5657319639957911,0.2670282701694213,0.878629986355158,1.569333540606579
0.7974260216069281,0.6584518346584255,0.8505817290942419,3.033729020155943
0.8672942009598024,0.7083629767150348,0.837013328363672,2.802249796387038
0.6974714616692836,0.6801407717603004,0.6186113782151843,3.985335273071187
0.7527166395576412,0.1586051052930737,0.8808707591989284,1.1726956818715863
0.871843527745232,0.029247283034559146,0.8258167505647627,1.7726930625152644
0.1288698674734452,0.3351188542591419,0.7435082562916078,-0.7447688057445028
0.1607598960483082,0.8179670241190622,0.8321341779577419,0.7204112049638266
0.5074677337608362,0.00638587171683358,0.2870381331749128,2.115984000989222
0.6169269183757422,0.9811861780274235,0.6318135270166684,3.358999117064508
0.2598035810641598,0.6340057030996114,0.5399853797158555,1.1787174374315081
0.7798453951511436,0.10698063882695841,0.761027902502028,1.8518618802252838
0.5412665786761103,0.9629920038589946,0.3418721660386861,3.8857701602417363
0.6326218931339481,0.9320281055100175,0.10250972799067926,3.454856453870587
0.9372284872364511,0.6878857223008134,0.0678370591051719,5.710098973933467
0.30096356694681625,0.7081720886452816,0.0673506014687717,2.83977117507672
0.5821704601762733,0.34588305695295674,0.6209155177674771,1.1643648196750949
0.04574203381251285,0.8715368061523763,0.9734889691773969,-0.7555214672590939
0.9688778552856915,0.7496518317429247,0.13008624013063197,5.851198609029351
0.7582631959290226,0.02458691645880151,0.022123551528997254,4.6518570071334695
0.32361021914954125,0.48864319040466575,0.7704074178077932,1.0706250857410862
0.6832953766065052,0.44590270637674834,0.2736266662816659,3.2544995123819436
0.9971245001577111,0.42618130223597295,0.4513870243296755,4.408405176488127
0.16362382119166918,0.7948095487499294,0.6936822257814886,0.2897177433095425
0.2207696127887604,0.0823810456158427,0.6804993020747131,-0.9987174891284633
0.6545112142811352,0.2732595269982093,0.9508635622504104,1.063996930664927
0.15105789178090023,0.4323348010426019,0.9436159201675989,-1.5900297339568867
0.4197273169261223,0.6385259476640855,0.3975943979627943,1.617597618601637
0.27421520234867003,0.9839776479598282,0.409334006315043,2.422384900668012
0.8940992036791344,0.22995460589108618,0.2131047040250833,4.605855910213499
0.03113408288451136,0.651666825375885,0.36852634372376114,-0.04873284582695259
0.864358249839637,0.47320990669155716,0.9681934279147217,2.8113084942184337
0.18552551570312115,0.8686231679556108,0.7765968527917417,0.019294491468936303
0.770921844644052,0.8447832281168877,0.7610239909429989,3.3876863256440295
0.6262203216314154,0.13124487768238757,0.032526179491251916,3.7061848313543244
0.9208478478156868,0.616650314520738,0.7965372909761763,3.4311217128395253
0.4815223515125501,0.11730818896239448,0.12518579220255044,2.494041214950455
0.6855652872289714,0.4303058948994627,0.20052472670033672,3.4286492238989865
0.4915945467414369,0.06420893707513409,0.5819714019143988,0.7422431104002076
0.26899340443509767,0.7975591006371882,0.31036195892357377,1.906069631238973
0.4552201490818012,0.011620539908100636,0.07244688779455888,1.7087119885714115
0.3924935564066848,0.4799388347171235,0.6000205481193037,1.033896725551869
0.29166257870930323,0.6949818861265425,0.8601223971892046,-0.5063996751998856
0.7798509888933498,0.039618825348357145,0.48050694725782894,2.2913948798189243
0.10493017841817487,0.24204501586252747,0.9866625932671464,-2.0936846026703453
0.14249554290151323,0.49888815345135606,0.6181557343181191,-0.272303057791769
0.702464970544104,0.5596486834869141,0.00977084741918366,4.481560954501408
0.3264613082439919,0.5177116433847114,0.08786649914483335,2.373248230624818
0.35062693120918076,0.033203108791366565,0.07857849715502074,1.8235261412066066
0.39692327620159606,0.13271575404306035,0.5675408482615582,0.9846838813756877
0.6894649691372657,0.8005866991090829,0.2001502442448101,4.123164897745931
0.16748258225906976,0.10456784033440025,0.6364302495436367,-1.464342584361333
0.7064757264869012,0.03158614482564204,0.9362122462436898,0.2658919772331688
0.05197128365147241,0.5412963353010705,0.7090605194509164,-1.0283339300907097
0.8709691237460856,0.7140869321324278,0.8017280830697918,3.201874574877653
0.33945019254280606,0.8148251137465122,0.08011484638467514,2.701558617954301
0.8948166560605276,0.5475923761537362,0.8172977699624937,2.469316390597682
0.45231828451830014,0.643577695196525,0.5264026609361132,1.741478416439117
0.7315895217553319,0.08162998203058958,0.0603520839905638,3.730864630923133
0.24710323401014644,0.15954468011318834,0.8717835665922017,-0.7632304365817137
0.21921398735804432,0.9758652558191313,0.33689579177110685,1.7584015465610028
0.18211791568869928,0.7896985071424791,0.6587077755008761,0.3073643551541094
0.498195716453139,0.5553635509376312,0.7192017782722638,0.9807511949005103
0.22845474133129873,0.9963339160567419,0.9747931621467831,0.1948424671422399
0.6503256863469369,0.19954245092914513,0.6802282424312913,1.1858142892036934
0.07219840897917584,0.030652502205806065,0.2576828885112137,-0.06418770960554965
0.4626229567393163,0.8682725054083805,0.727169069766308,0.9752193392473627
0.742706521199981,0.42549333444807536,0.3459349925469629,3.346899461028936
0.3710387629846027,0.9876495637360578,0.04010919141248248,3.8607190377535527
0.8670314961224486,0.5786754085723934,0.43861541918959046,4.26857929834951
0.7252576604151365,0.48666894142470285,0.8734232380816606,3.325873302670355
0.9007018640112585,0.4217209268734554,0.2768277972350516,4.6913677943820025
0.5923503285933622,0.912363345616691,0.21066218900566658,3.6524644687621883
0.6229665835634828,0.6315602200925206,0.733113022415281,2.1308821672120755
0.1315676851272598,0.7158249646820886,0.909032520665641,-1.5257323737296726
0.17968310887024197,0.23754332492387764,0.9713950940416396,-1.5809829625743341
0.18097695270948977,0.8543850933695791,0.4922778564480348,0.7202933524421233
0.24723107440317704,0.8707499012725114,0.4453052550026655,2.0994345473329923
0.5148173539296902,0.3592333693997657,0.5929508514349274,1.2389308168454325
0.16352387258502277,0.3910815366517607,0.9694123223352875,-1.3668374886748507
0.25813343270112754,0.6567366645412922,0.3251900642246949,1.3107913792119357
0.7734731256866006,0.13087366071834983,0.9698210450785447,2.0890754905607345
0.45378954138363925,0.23605046334646396,0.07349674733001266,2.35993700856213
0.16975790508754074,0.5197739485560177,0.3370031764312863,1.7936064149954811
0.8288833658826095,0.43088752366180594,0.2487142725876299,4.667124940032903
0.61714498660403,0.7067772168854458,0.16704190790094986,4.239187006755885
0.16761921628831766,0.03667142693354297,0.7364020150656405,-1.1134005362294874
0.6638045276218051,0.4746308757498139,0.8441704489691971,1.9326716918091875
0.8056701529500532,0.5853543643967521,0.8682712805132586,1.6304093623311897
0.20584121003676825,0.11191961939772788,0.2697496115169896,0.30435475735295003
0.05708685608931485,0.531169528001032,0.9366056922949615,-1.0394647548440852
0.03934354066850965,0.1221099140100268,0.4521990282834353,-0.9401081452247568
0.9338750175279049,0.3161561049767505,0.5072348086883924,3.07738794812606
0.0415728590503921,0.14834320096208886,0.9866301229588469,-2.481541896989137
0.9651186964360455,0.004939980934409616,0.951811785423239,2.8320908459070755
0.6391199378155004,0.8679182945200221,0.4547398556338591,4.190662568983329
0.5155960285792502,0.4888465802569202,0.6668642575461043,1.5240785260887624
0.1396512547563129,0.029973589872677953,0.3079299415911909,0.31013826728239097
0.7046807627366467,0.20185345212294836,0.6734324333249173,1.7235599077703525
0.9699120461072704,0.09390071578941839,0.6726021182251263,2.1676195140264505
0.44375021930457115,0.8681422543775054,0.1771497894473859,2.9613532428709313
0.6926259522261645,0.8381152896481102,0.9446142194740232,3.086962066259072
0.6832480282896458,0.4971747640084273,0.6178472402012138,2.4200514079467905
0.8689049844787182,0.5706097466388297,0.03038705969683686,5.272891246893231
0.9309486955069778,0.6895267510315611,0.6765133857772465,3.8543377241288317
0.21567515239771717,0.6588854702326572,0.3938644056541585,2.166621780277928
0.6512329770414921,0.10659303030799072,0.657845304603036,2.3087944896953654
0.9994137257706666,0.04821203886055603,0.9771741842213173,3.2713602706345597
0.4069079607228706,0.8707534503372591,0.7823854840582735,1.3493676469140252
0.5670162609866678,0.7384492092513265,0.8785155613013479,1.8242452839054957
0.404140321651033,0.3270331615632387,0.6675933855635847,-0.08633350001950757
0.8078459419412586,0.7622851347766157,0.7978136488586345,3.908826245742758
0.435583314812933,0.8178342161750216,0.12020905537060844,2.8690680646689155
0.5444890979608495,0.0057586604981215705,0.3245858299002703,1.8685931029809943
0.3664615348713979,0.3961726916092554,0.6954672066898622,-0.010399826310508287
0.38855810127034573,0.44869362262253065,0.23754413087432746,1.8331119456044596
0.3732517916293401,0.22726962726315147,0.07319592376844364,1.6825792258428225
0.6034485933813779,0.6682127985550163,0.6194903460096145,2.1912598956501697
0.46349404380057235,0.3797857801792298,0.8633336495718252,0.21747947907135662
0.519081785136218,0.47918187762973097,0.025642065806435688,3.202712086058707
0.34124782762615635,0.38019561878585706,0.3988227808969005,1.686828988901948
0.5801723692273323,0.5336025467268785,0.6079050927934446,1.5919202646788242
0.7648832615421283,0.8129857387160935,0.7181230762264944,3.4062892699702783
0.9555236959549347,0.01823258267636163,0.1957779856835461,4.835729264229538
0.00756287497814212,0.647474714154603,0.8980305489499869,-1.617926025906742
0.24348229657629927,0.9270345447963066,0.06026739028956085,2.531718956231626
0.9344360268055143,0.3516226872396344,0.10142082844921652,4.955900710569065
0.48587175918632564,0.25677656772050794,0.28487290196192283,2.6781558296672308
0.3072899649262866,0.8030258978326634,0.5391612766752545,1.6220716057476754
0.31130769915600365,0.6103337833109184,0.7161506742231936,0.3631468924284749
0.27262400073353377,0.4135491015253515,0.12188609333694755,2.066498252301549
0.18114934953468032,0.6811178539649828,0.18143834769562694,1.1725213375982748
0.5251633836670602,0.7090462617224327,0.10687692309474384,4.0639584277174094
0.5673122196289035,0.25656278370136376,0.9629268752375798,0.6652096936853894
0.4835456467199247,0.8059925497751581,0.5502265421562618,2.225129471111712
0.043412532854819164,0.6331513755940223,0.951403342206657,-1.790137510381446
0.6016118201463312,0.8191888594267902,0.8842064633484078,1.5504769683982846
0.22807977194893247,0.21204483990822665,0.6109809888509917,-0.0010457588189043965
0.4110284698067047,0.8398613028667203,0.9000231233980112,1.6492858358174616
0.3534213793027181,0.23687055897448206,0.7805255152438618,-0.4193824047834284
0.2748060355481361,0.8226143185136784,0.42373825364876283,1.9772374055974908
0.6675498992914705,0.09553531383466818,0.623859324676573,0.6137286407959353
0.4517676787372291,0.5866084631754741,0.16801420774486342,2.635703831473904
0.7368737449441821,0.8627970775432285,0.21673980009077565,4.744214013099589
0.09571455552016173,0.023638586046336396,0.641971500443266,-1.8549062601272335
0.6070940360887808,0.54669741271407,0.23194709611597542,2.9647705301293192
0.39090599590551467,0.594476335186173,0.4967668588591694,1.3192922950879682
0.9877855202148873,0.13643975255673313,0.6951445540475938,3.2724698082083084
0.4043187681042921,0.42819961492561476,0.7175977656581762,0.6315352641949739
0.6924361513243696,0.9912559937021883,0.12839428945412523,3.940394259001363
0.10410964938416634,0.7243388171287412,0.5783869170064091,-0.8262849461584463
0.27416066655980587,0.0794193689889866,0.08565824959643054,0.9692347330591232
0.8941908746641183,0.1918673247187429,0.32337156211552076,4.11341762943829
0.22665640222698802,0.3549963058319373,0.06942384274609337,0.2612506731979174
0.5190597909082704,0.0676125635922149,0.8003565078223616,0.07958947018288165
0.23371208191043302,0.5400119146045106,0.8800790875614583,-0.6547769521818992
0.6508773690471942,0.5329577865513353,0.3243337531153756,4.041470048096739
0.33300191305819793,0.6694869551981901,0.9941393612211675,-0.17094551383256462
0.6618391898493786,0.5577834173700249,0.7306505102392461,2.4243057456396695
0.46520561228371815,0.060142342600785215,0.5622968158779098,0.8300508690301632
0.9576252845053802,0.17530294235765964,0.6900048908206657,2.0034343948766224
0.20093368865905648,0.5358276844730813,0.09667644964671962,2.170398071617155
0.45037093625818514,0.7561633288952461,0.3475715242389821,2.8291650190926156
0.664911724487218,0.7954499607897292,0.9271778194794527,2.3880594054144852
0.23464208185545354,0.39931591580930814,0.15241601333041743,3.477713054122795
0.9924835021583752,0.9270009679242953,0.5399571302805596,4.1544915860494935
0.8420332943764213,0.5209579772720422,0.6235856880027597,4.243673687298466
0.08912443211601662,0.7552704204968079,0.12771348363523483,1.429298790967817
0.8260676302525284,0.7820280876703859,0.7087446977429764,3.711824685575989
0.036160380524762115,0.3031283559453286,0.26311256991084286,-0.025035217868681885
0.3601364074715191,0.08764274676383854,0.9369578230310628,-1.0470241049069378
0.5538022407123763,0.30552431065802355,0.3969815170742834,1.904198809535699
0.44720254050483565,0.6005943333606173,0.5156794276964978,2.054917453942424
0.9193919732144173,0.49696348290583026,0.9921580148233127,1.8558259390779694
0.8514249577450957,0.2085105143573358,0.9305952146439163,2.2576497572692844
0.11636639788547609,0.8174497084911916,0.3806232934765801,0.8667643235373966
0.8779743204450695,0.8680566901074503,0.8059254001176211,3.1431741125672055
0.7900304363070614,0.3046791390980408,0.08091928305125218,4.091746181579725
0.40298017876516146,0.17352451498650867,0.6949510889024617,0.9056712655227259
0.34609972653778553,0.9756102008599149,0.640972077345332,1.4911352588646498
0.822480563634361,0.13252467274184843,0.8620144822726226,1.970635525942444
0.9227571905133943,0.4870619188189359,0.6062529377509774,3.4036728390941744
0.7648098009029954,0.17483862726041255,0.5025660764634424,3.044988954607285
0.3986630277723131,0.1463739921622491,0.36753442229153144,1.5262137257065713
0.06817230938549357,0.025811906949486985,0.13516628915482276,0.9112909100101793
0.9631151115891738,0.549529535895017,0.96582216115322,2.9293861735266353
0.432497878330132,0.3118161330852596,0.5061418628402441,1.6020234716794
0.4395116886329101,0.10566468426174391,0.6408263146902062,0.5354426373868921
0.2160381825095996,0.6195879548978296,0.6502010923981534,1.0166994360807042
0.1520248531286481,0.06134962711066816,0.7807615860684398,-1.8188774321451078
0.4598004237693202,0.05816379550547579,0.9948663171697671,-0.1967665852131083
0.05778056099636664,0.6950352288585532,0.9836789252634136,-1.369412161149642
0.23918010421592562,0.14224936868719618,0.1213849394224289,1.0841503516324849
0.30327514756759555,0.10104581101064669,0.6921613416941319,-0.31214042299893807
0.06229179813006269,0.5094221281497897,0.9966968538529768,-1.533667116395699
0.8139702695060188,0.6152194382310109,0.30625362078661167,4.323414840071302
0.6238958362916385,0.5270414639116516,0.4260833838903715,3.002668549195644
0.13071037674019947,0.8866042152404667,0.4497846488213225,1.8664653964990556
0.19462251182076507,0.3677593508772896,0.41412975252892703,0.9589668460792328
0.8275378955668743,0.733614380561402,0.7693048936413398,3.7315808542816042
0.011031264428647214,0.4161539981797615,0.4813441516353236,-0.7843378994151471
0.019192276823056686,0.2598132087450342,0.760289823122135,-2.1099020818752154
0.13710970572899905,0.5353101314525917,0.2152018720172375,1.5882134546173423
0.012120774643893273,0.24120145759954148,0.9758737549100538,-1.9465910800467148
0.8015371118829896,0.9595766443210334,0.48785404392636245,5.199612054153418
0.1097361986775035,0.547959488973693,0.4543773345599609,-0.02052234532959385
0.844357082739616,0.09808258078424459,0.4882411370217782,2.838452836521061
0.15004866469398426,0.32467592689006,0.7373570773877997,-1.6322181361760748
0.47601812936876653,0.37588828514576933,0.3944762785700353,1.7522028283948288
0.45944676840598664,0.7850165438370569,0.8920846889402344,1.6892981181730673
0.9553346865039283,0.7869033862552951,0.31540689574801273,5.171011828172095
0.6881347060865421,0.4376031240553919,0.2546706220460512,3.8721078100057524
0.8408715794259226,0.038426348962324997,0.9017619921354235,1.4806730656490872
0.46147746462473416,0.6372014768082804,0.6593539222057827,1.7657570242336635
0.8951177407065364,0.6366696821672073,0.6139335847600618,3.3332816186790772
0.06665204056068996,0.5184080219452041,0.15016900081704165,0.9621739690596834
0.7374337687214856,0.5122219208126745,0.6802277792083533,1.1753613621573553
0.041672900602384266,0.08479201604580322,0.7163233880626823,-1.8644697081655113
0.07208433599867337,0.0712567277652586,0.01210847523488745,-0.3486269120383484
0.9565013982994801,0.737508359459007,0.35325140850206416,5.80076674318263
0.2965355812876552,0.34970322974584955,0.7746535311811819,0.2468274487686854
0.6613706110704144,0.18519556786746794,0.17410933533408435,3.388251676067795
0.09839564971339732,0.6603027197013381,0.7643726622217359,0.27996881488414505
0.265046428325004,0.020944961030912812,0.08217166747642735,0.646148800845145
0.9678600348450305,0.29544477747742026,0.7692231478381336,3.996201884623371
0.6246635688542638,0.3819396396528959,0.2056872621955551,3.736231119120638
0.12138641815940643,0.6150129680388666,0.774633780637788,-0.6052209586480716
0.6439042535411307,0.5303021332491583,0.041951223431636264,4.722081937500533
0.9684887775943838,0.7987141916545746,0.29282203670096474,5.008259404972357
0.9799703293588506,0.6018815896363221,0.5824226582072465,3.9440897706813205
0.7480731794295321,0.8117697880901376,0.6564786073315027,3.090174789713578
0.12809574636620003,0.3382675059944984,0.9280836403260497,-1.7317260311901599
0.22461561184385193,0.3721670238375133,0.432076882944196,0.04290263668157179
0.4394049896944522,0.6129395824945255,0.9430758377447076,1.2052181337748515
0.24069271183250496,0.12150137630091806,0.19747048985993731,0.7246276419996333
0.8869249002092695,0.645810812655206,0.28590678923916013,5.044778242817719
0.8159469389686173,0.861369996363436,0.846514338690278,2.977755988292284
0.9189265336395545,0.2522410201733616,0.7550419287462783,1.923687272031402
0.46053949727414,0.8419985528900615,0.7284906771616132,1.9362512398616945
0.7764474464997246,0.6561618376810715,0.17742876946970687,3.7061471117417573
0.5450269188969383,0.9846697395245082,0.9373880664971189,1.8479928509996173
0.04317373579701167,0.16481481572943713,0.1317287734545619,-0.5338455293361584
0.7259799099852955,0.8177853298569451,0.2135113663106719,5.618574110323756
0.505852692951829,0.8407030280112,0.7328015447662506,2.467946247570154
0.5422372054918483,0.5903476904587729,0.50836054691628,2.4196766632636875
0.2975484513188206,0.5650219928590161,0.6888853020500907,1.182983674989197
0.8733229158608077,0.6362913539792481,0.761121537043158,2.932674687400193
0.160071634954573,0.4615574744197899,0.009331619827093296,1.9672179534662115
0.24667886452162302,0.7264617151130048,0.9918099513493635,-0.18920688435460895
0.0991780995872159,0.40149431586128825,0.8000709686991595,-0.9693237357719875
0.20403563462889884,0.5550849493022862,0.7330712960296748,0.5673109337134263
0.615985450260179,0.18802473461541613,0.3553845686857394,2.75606906586441
0.7837917844853972,0.5542265141320166,0.005229613542912737,5.156084941474792
0.7609907600280938,0.03531135494023907,0.7457337827312321,0.810931443713103
0.2024805601652374,0.9580734801193802,0.3679407513020845,1.344704359518962
0.3269316163380791,0.14888805033244468,0.3056042154902149,0.954267069086778
0.8766507618282006,0.9963343376272473,0.36830953050684834,5.317680080013278
0.44861063095454257,0.722070938202737,0.8861957804650745,0.4635058274460018
0.5930443341867842,0.39152569817782934,0.41262184084862374,3.7162458825329185
0.6956181464968069,0.0032182636042786816,0.6195893374598407,2.383956274939856
0.3554930104413574,0.7941973312770843,0.09299063982313216,3.387946955487801
0.5882022669483905,0.48097288988612374,0.6423255259052274,2.01199896744039
0.06485359448296835,0.5799837874281313,0.5614845879595237,-0.3063227015580426
0.5606600944161709,0.6034876665964548,0.6764679372263622,1.5049127635835597
0.8049889996807698,0.26982072012821434,0.8250494101800621,2.1281784673795228
0.4982556822634536,0.07705827913433116,0.0585509292439792,2.598618451925368
0.3342383186960608,0.7848969771114676,0.7076809347409158,0.49706245573967944
0.7886149646724064,0.5172690564416094,0.44019899795549056,3.8241041510012277
0.14745252670628395,0.32819275360931155,0.43401936617387527,0.01396051781604278
0.08860042967961723,0.22061195271121126,0.5982252940637388,-1.8643536073094031
0.7356631142391898,0.9983475113929496,0.9331133313435577,2.445478094561425
0.6425651995351915,0.421248053294072,0.6361773647082327,1.9399872434285812
0.785651618080232,0.11833619092338732,0.40990488969628824,3.8790596318291657
0.8398022856356172,0.383832951933044,0.5718722712271865,3.5293370806294937
0.5877693608621982,0.18447625313363936,0.3622354416522884,1.5533522010714589
0.33451128874193214,0.026196708532064794,0.024191763891355245,1.8953927138085431
0.8316970436757735,0.2730708099728124,0.5180787662388154,2.376738545138863
0.29872557358877305,0.9406792451153405,0.25929675886577375,3.1384416085207616
0.4296568127389351,0.8727302504846018,0.8419335667918086,1.132381538379514
0.18610141784627732,0.8026433097957104,0.45818688673789265,1.114414954239544
0.4829688720853552,0.13347997241594378,0.08060151375712465,3.1028980877583847
0.7279393069737652,0.49646115235529975,0.43685070261517955,2.6784849474417616
0.7295082286523967,0.7655128989911097,0.15890816766935356,4.003283345679647
0.6102251494776413,0.13535408227768553,0.7513750860290457,0.7759089906834378
0.6569551562671395,0.956614621083458,0.06895801635642118,5.510320399943009
0.05705472115125432,0.28218707469320015,0.26170568373590597,-0.6951423338034672
0.24697879907199982,0.9062545805210367,0.2495461998495061,0.8826867577982702
0.271949726128631,0.7593982624179637,0.44973984245054,1.303746198922963
0.7767105569551812,0.06536615756438524,0.4875711936733843,2.827441918839984
0.03361360018328263,0.06265320345535452,0.906437453344411,-1.825807077336696
0.13924537111759516,0.5324206822752171,0.41109560260070654,0.2962007312935909
0.3473433262588427,0.8998333456872725,0.0218233967754895,3.2651998287842883
0.6637896861755891,0.9633944342135504,0.5601681834618419,4.142183116047395
0.9368224620330918,0.05225787928602377,0.4187933190741614,2.5973772616673116
0.26015779096205116,0.7308209649807298,0.9812970904972467,-0.37572077431152906
0.2565300624442478,0.6541746014740745,0.19809763275974013,2.0919185618526965
0.5653302545716099,0.4639324866883362,0.9720053296315371,1.063109617982628
0.6085272726964666,0.3495063720868188,0.11409578488793337,3.1444584063967285
0.15124682873493456,0.2253169299512351,0.250966661340298,0.4711885254091698
0.8506160578411378,0.5612227882825249,0.5233909113743664,2.561189454941145
0.11476887186921747,0.860139693349435,0.7228143032084837,-0.20344336974741806
0.06766836190000158,0.7078350972297687,0.5435382173426461,0.3501517082088408
0.08172534574677826,0.45830064152865646,0.484696287130047,-0.6200078667262766
0.16577454016327575,0.9456981470002823,0.8499753714806619,0.19983499116975628
0.6690223373291083,0.4622955610006072,0.4117655415845085,3.25784243429458
0.6509734671509542,0.5454318694069055,0.062273105881885615,3.9876371564940416
0.5125026487703317,0.8064036172328395,0.45923987759695806,2.8828327310247484
0.05195657755426841,0.7862781993840331,0.2013637821359744,0.746881657489179
0.2586208348880388,0.1647063534322959,0.33021506487149754,0.5285660468422697
0.756751505688635,0.5193858595039373,0.20488127415071256,4.512993509793524
0.8778300781520408,0.8795818549515292,0.8705784250460069,3.615065306009459
0.23879621138153928,0.4512393441809881,0.9849896561408751,-1.1517748579349205
0.7720124763099904,0.027167421225559818,0.06520459126049205,3.830891652364992
0.46393137681233276,0.9092202058615602,0.5387017979527142,2.8792967972449506
0.4978125080342902,0.10547369995663058,0.656780104724294,-0.2953010133769087
0.8221031606002255,0.38042000750756233,0.7756118509253275,3.124057297718219
0.9644766539008116,0.2037664591276891,0.5233296311947413,3.491799924834676
0.28713795808457554,0.7928544190338394,0.5775933658811575,1.5013634974671992
0.6345824175503038,0.7979141596158941,0.3959704726624549,4.179452450818556
0.9150900684070432,0.53302886724614,0.157954822835348,4.4818067594062185
0.6958991181688025,0.7932613504382544,0.31676167706752667,3.761012759304168
0.857179256998753,0.9061432547657664,0.2769044873778089,5.1231949844540186
0.9835214727152221,0.14071152804875842,0.20201566840248997,4.201106653903943
0.18422483923802613,0.8939897100078704,0.6542925523249619,1.61369424714939
0.15210428322227287,0.440323418368349,0.615298025069802,-0.63311186927474
0.08346408498938329,0.8824163684073387,0.8036035354415352,-0.506430834306445
0.5052067735766382,0.9671266152591704,0.4177609792750997,3.3091986763777217
0.9841103190364978,0.6679199988036271,0.6346712732539415,3.7513030099898743
0.165954895295785,0.881927758304644,0.42748968792061515,1.1133205734482357
0.16223340578247936,0.01260751997575904,0.5597556836383826,-0.6841583514261453
0.5273996221226763,0.7193536223691586,0.8902580530178021,1.2385009941070364
0.07940658464302952,0.7314964903403623,0.18741194409758222,1.2510966421531515
0.858177053157164,0.8190635138616561,0.5407937549855444,4.041964972328313
0.7102427986233115,0.3143501131837484,0.47116789893281463,2.009175368095227
0.8216368977104717,0.4592651971732139,0.3577982653254418,4.114116692592081
0.4942124472502999,0.8282492524372184,0.33520804737087273,3.999403134836939
0.1737615931357438,0.7120140203307808,0.8259782127080818,-0.17589781639224572
0.10063747852353333,0.23987411275594472,0.1419719897609939,0.6696517074703492
0.3479414115821666,0.45035097890541265,0.7488263369633065,0.7402913823901689
0.6511475848816741,0.6209285674784312,0.3523749466096544,2.8058049712629205
0.8414475530847599,0.47128716739816456,0.9791049380151545,3.063754615239468
0.6341421382957368,0.12626474156450274,0.676177562075434,1.495871886592789
0.325104015431699,0.6863271966860974,0.06964114816240574,3.605179475588027
0.1748814371759594,0.8557372589057863,0.2271795570235149,1.5378265348588305
0.83704112524294,0.27927608845441043,0.6428819100587077,3.7241430342263104
0.694150573509831,0.5126547531450529,0.3053106766967313,3.9677080907664584
0.21264437637109612,0.03318935456242622,0.3039464012407238,0.49428143018434084
0.653162790531283,0.9383048184484827,0.871204482263052,2.6458223699407983
0.7660647765353026,0.7884473432532987,0.6649849034759953,3.2879995497178993
0.260286857566003,0.9071950307058299,0.670732311905834,1.7038932427611089
0.56044063098044,0.11098946921348107,0.4470555438064254,1.7531953968339091
0.4603582712019263,0.86456360952267,0.5466482201877885,1.4074390626980295
0.38040054897040965,0.9768003285106593,0.11072059332631567,2.9648483910409187
0.4225484283119446,0.04202467517140529,0.7399041207669304,-0.11584374649463117
0.9180765521991506,0.28003732955048943,0.8583416767991209,2.730431881282147
0.29221823046189777,0.9107701616439152,0.7539619035967839,0.9924515203570194
0.8049067768414386,0.0180065556004545,0.962810357074026,1.781601319082856
0.7266709920703233,0.3047510953861333,0.8293946648588469,0.7791222245280297
0.28152119841492995,0.872753839566128,0.11258039041193701,2.887166468223674
0.7036859774607958,0.5406984766449103,0.09653447019544081,3.401233817313899
0.24189382825883898,0.01240403627731479,0.46876796546450583,0.2078294651973912
0.3012652607600004,0.5983574842977588,0.2972378077086172,1.7640984920486664
0.2999191115069847,0.7431931987316034,0.04814283597835345,3.051358433075129
0.9028949951919872,0.8522638743911815,0.6678046832264065,3.7836471947681964
0.5932215701073843,0.8923024981396522,0.18533017952871444,4.834454774058958
0.07896916219082861,0.2395101699095381,0.7945782787001903,-0.9890063532979259
0.03467026672648332,0.5828068350834896,0.9954375161913099,-1.3555753932685901
0.8556960938375394,0.5214456890435895,0.06364090928664234,5.065690495983229
0.8313735143857098,0.5989785081772105,0.11493299705956683,5.299954239751836
0.0938572848233562,0.9096268194365924,0.6692002629380784,-0.07250700981794383
0.8292867993167555,0.8789789002822673,0.5717723520483222,4.616852570513702
0.5174463517550413,0.4304274103209902,0.3169465877911193,3.321987263205789
0.43459596085871177,0.7738796557301564,0.6019234310151316,2.45027410269807
0.8925232899548461,0.4433800143791877,0.607089578718754,3.163306507472639
0.6313075530919887,0.5916971623063255,0.7026337730855163,2.4127394294525972
0.23743346837480628,0.5123637775457907,0.10422480280834767,1.252649716661246
0.38451132764481255,0.4876670686212644,0.6522242595454725,1.227413152418012
0.9505310525862035,0.6006510665483559,0.7435939161765598,3.9484773539293196
0.5062660594952028,0.6341040313763313,0.07093221613377343,2.651833542061274
0.254391580841847,0.3618530932051387,0.47249335500651357,-0.00270789635621016
0.045648745502383736,0.14002409755331768,0.2768143077913058,-0.46372044912724686
0.9715326909010507,0.33134700710305076,0.48204105811208253,3.923804420804694
0.19609771273839294,0.6107800710757683,0.2806832155159743,0.7552605915861758
0.20699257843842678,0.5165726284459791,0.005505799160420821,2.2460801162789217
0.0076640326492253275,0.21906880910185778,0.03672136250082114,0.4920304984176348
0.10802575413069138,0.3388606493387516,0.8025856795798129,-1.2870415353977382
0.5720486433693008,0.5126677259564164,0.29348882320812164,2.6272164490557905
0.9317537194328164,0.39701504123719167,0.08709276679577149,5.715873942459432
0.6170665161178013,0.11383839347660141,0.3452231428016921,3.1050434956812807
0.5074119387178089,0.8742225246851758,0.49354658034011867,2.563084260015771
0.7022587660316643,0.9928168389990704,0.13148911989798162,4.796376689885108
0.2747315255195195,0.3945760755976464,0.42182817853883137,1.1429290758823945
0.41102107526554577,0.9076110025565549,0.7140326444668564,1.5492147581667761
0.6079052140907037,0.3093727178627821,0.8237903842212947,1.1172017531835814
0.9550605114849889,0.8211982825502265,0.0015651051914729042,6.782830382813314
0.636401370183407,0.051135381442100725,0.25760722033372185,1.556777909046425
0.059524700347771686,0.6037954529493877,0.6865899134926068,0.10459582958614821
0.11448763806590512,0.3838388830449795,0.456236508955542,0.007746691717529057
0.3690530217609166,0.12102500048519305,0.4189477901874754,0.6247251669314526
0.7511780478084181,0.07100766453325547,0.08018001408190345,3.612748448752167
0.3547712918359842,0.941725711618925,0.668572646722914,1.6328046197592883
0.6786699566725648,0.36191999083786497,0.5936607912085384,1.470606739690476
0.010131184027743378,0.6360960464095422,0.9132869475762367,-0.6695437160442911
0.6125734683448192,0.873698593466345,0.7239730554660938,2.659008178393814
0.12055841640369025,0.9024533072858417,0.06644384435577488,2.429868228746498
0.5339674725477638,0.14213712379345766,0.011706610730904066,3.3947666634200435
0.422034260127639,0.29504070765415624,0.486000493797603,0.7316700057735481
0.5771998867345508,0.04373907230894736,0.12300329512374564,2.841203642437026
0.5586423964504253,0.34316735317265823,0.729173487549448,1.1582056804997023
0.6522916485919397,0.8456043629899068,0.6924928266692253,3.2985738765400834
0.42993107739014813,0.6729666223944324,0.2753811742554185,1.6058313987976018
0.3063134987782127,0.7889851599207933,0.4464195164015822,1.720732114407269
0.7983803405183525,0.8224223736682784,0.8575623376612838,2.7626491090524867
0.9166352358412073,0.43098522051329624,0.31886681832113883,4.704677640586291
0.5821987465941139,0.3711724234376276,0.601074166800233,2.0851381731292267
0.7055858626438246,0.6884050184921369,0.37455288702012135,3.42726774173202
0.16686020169875282,0.43052933846220753,0.14259414408190874,0.9114903210844312
0.8900970351838083,0.3458774607378574,0.15445974722332378,4.623528171446121
0.025447759905750877,0.6458223862864843,0.6369023174547432,-0.9401444939201108
0.34060416658129167,0.071711888847651,0.409628894895232,1.0385497736421276
0.3112174950633936,0.6771206397350094,0.6057792494526903,0.9083874062051924
0.36459372819754,0.2178925542549901,0.9880359661555919,-2.158848258629916
0.45400162119611487,0.688274235780237,0.14055296757836078,3.037486646495063
0.4855896996593978,0.027536719869465487,0.50545511791045,0.44738467388258396
0.9640174071177023,0.3842067129858002,0.03899601257491159,4.655874516104905
0.03095579091934353,0.3879867599468695,0.16002493646319405,-0.16803565401041176
0.023352096328185912,0.7562136139501768,0.4585230088818907,0.3083229188120962
0.2892447719726545,0.9000831830164807,0.11613896020052561,3.5622937594187727
0.9559188289553192,0.3139667173773528,0.8884036723086812,2.898908799537748
0.6029428764794615,0.8267073597414875,0.9840131632104643,1.4128379181410198
0.2884054378187457,0.961135485407593,0.38948189490242036,2.423804572787005
0.3855119047369223,0.3403871042545057,0.5414076073475852,0.7545657550413716
0.1541450431784871,0.5537114853580112,0.541704812410004,-0.09426643520312639
0.76190181260487,0.8336499619375856,0.44044135031242404,3.5783036018457572
0.30233324935149375,0.25933489731709447,0.19462383670487193,0.5705501279011825
0.05764758219902488,0.34244797883471334,0.27024769213078326,-0.03257106100752133
0.9664173858664074,0.5577088262500439,0.34727703903050755,4.984700209700668
0.580467600993696,0.1391967013456955,0.4440437492022029,1.8002883250458173
0.6262343214210638,0.4888978317924514,0.40177880065432425,2.69564740475357
0.9938483888996982,0.880314762148927,0.6234059581594401,4.3867805639696344
0.5693773611822828,0.620660479824584,0.20131210782243325,3.7883945379357664
0.3951377432643186,0.03945953289089932,0.47554603748682667,-0.030596290330380804
0.5430245839576632,0.2277497361032096,0.9640288471655137,0.6665498074199316
0.909454610937242,0.7221432354559059,0.5333866287653626,3.8902911298385714
0.869969159647685,0.1306523438234629,0.790509794274885,1.8634034843841785
0.1248208139668483,0.7942106625494054,0.27576756825135695,0.651830094871143
0.8770905810181889,0.9440420938253978,0.14879596940511564,5.576448111083575
0.4626756050653935,0.9809873781626851,0.4834074359731466,3.312786702971887
0.8635475225145451,0.5887315221313199,0.37532990791960186,4.627024977298538
0.2857835555258702,0.20322309108608727,0.7617981913776972,0.03918044168245133
0.3865405068230279,0.5112754622007512,0.4923254800011819,1.7393482914800638
0.5772790292331312,0.8655771456245522,0.9807393435834294,1.123496492399288
0.40758420857381694,0.8275189221063031,0.7645277946547177,1.2339808909537593
0.5735289514555733,0.9560471436119331,0.20047451552840279,3.788215933357792
0.10926421030962141,0.8539619669554221,0.4391498166337483,1.6020829875772264
0.8469688542070605,0.8930902051954149,0.06245759361907144,5.235257577355762
0.8834647629860607,0.4483190553694222,0.5104324890042322,4.229513303351006
0.6265925110932102,0.9263826067300868,0.01911609442976403,5.374856420691318
0.4768434683178171,0.6877220424305607,0.7227069576982285,2.5063506542135654
0.692532431537108,0.13443512940812186,0.29939558837168123,2.6285023550719915
0.35871552541701346,0.804437207679505,0.278759872414553,2.9223335049904993
0.21070496386720317,0.9574480190380962,0.0088632851134689,4.082656920341222
0.9978208556819782,0.6768212988573956,0.8284692994491171,3.5485181393104828
0.29461939634619316,0.014315277667059978,0.73786951856153,-1.4794011423856843
0.8341445970006758,0.7404761319535191,0.1428502873008386,4.283119370054019
0.7534279222569691,0.768922782107641,0.6585405156700549,3.6857196429206285
0.7661159327955862,0.8459214396777321,0.6136041142374584,2.7400350965917273
0.08860471396967906,0.48762780966721087,0.07764933467160506,0.9991716586990406
0.40754303103243084,0.40710648912562764,0.06600984414024158,2.872555194512165
0.3488205339694793,0.11099809879131484,0.8082352100092222,-0.3660189941826833
0.9476880259644708,0.0723164752579386,0.9551152072917014,2.2304498905552124
0.5225765993367452,0.2995656779538739,0.07686207527616351,3.0925730546634105
0.5006242680704178,0.7945155444907487,0.7070864772666982,2.610325904190188
0.05022601146397376,0.07290183536790351,0.4028732826326371,-1.287844310211634
0.2952904940479433,0.23238432305604784,0.2810044989087136,0.7597100503964055
0.8034827432968846,0.9292280536318539,0.4051026945275664,4.27423201753002
0.9061110021324971,0.32149570124788196,0.4764369863437916,4.159331360058179
0.22602899781599972,0.640476042175844,0.9789811151748089,-0.07564697789520858
0.6034930960433786,0.35781408411354887,0.6478174459905284,2.0152539701316603
0.12292067846538757,0.8886590802653986,0.5030839507798364,1.4744165339631898
0.44934974203964206,0.5858647884535192,0.6247838627894025,0.9551062650488511
0.07177580622651303,0.6826172212234024,0.24193168031552958,1.8319304884083496
0.7139526325065898,0.8225347943841967,0.8039585075525203,3.5645765394999103
0.5525009674078891,0.5201698923107512,0.14287596133941172,3.742027736265586
0.7753461504031356,0.27140938044671437,0.49669542281794654,3.820362698840798
0.2842740929275167,0.13382836299969314,0.6295576968917366,-1.027957503877127
0.05433203482290383,0.7486452341262,0.31758679526111666,0.5539661884522431
0.00013469300448532007,0.5111291392372298,0.046851908527603126,0.5147242875731006
0.27616955782089947,0.7069764874557162,0.06268962162186587,2.9674715610290034
0.8393384923560023,0.003819922658583108,0.24682386920190225,2.9387903296903986
0.7409040561520714,0.3162701497293068,0.10189238806601353,4.410130990689673
0.3602339188004279,0.27039328638452553,0.8427119021605549,0.4990885322878823
0.31334791758514313,0.7889324717760072,0.8918721448107347,0.8165895470875255
0.43381741957652953,0.909943143854392,0.37731805396319285,2.9988947355326037
0.9640784164901082,0.08928952452557293,0.6870192665032427,2.4439766615415843
0.49381404045692867,0.38764880545564706,0.6327118787486009,0.9228066938874528
0.7038570916343312,0.004363269650309087,0.16695308874719872,3.6519621838790113
0.7130460506343187,0.6663854135782065,0.9660475051286772,2.389533066894641
0.761037790250783,0.950772707731338,0.702540501534807,3.5796031024233983
0.29805220863944315,0.10536492225085647,0.7818238633449356,-0.8534354752188235
0.6441492214759159,0.04818601239329623,0.36005046590097833,1.2240627979075487
0.9567998154842862,0.5004011457102012,0.43272913601970464,3.9511877514405
0.457699605159294,0.20888272400516372,0.3687071708647952,2.5558515047822734
0.3698132559871766,0.0523550201874724,0.7675676285179183,-0.9891543507441601
0.416504431903879,0.8221798868164233,0.8503480011198954,1.2705778404030954
0.21199405469865806,0.6573534821701286,0.4722818041629817,1.4615538119422018
0.8801567379214851,0.21574067917645412,0.6778132003100442,2.171364113029055
0.6077521222527226,0.2953014775718328,0.1366009036511726,3.3119160928443026
0.6516397604772766,0.7385974581323307,0.31562734376335,4.257469456116322
0.6448326040223138,0.39513090761150327,0.7132068832826177,1.8810538464403477
0.1992152748940531,0.8902150026361744,0.28740959646557973,3.3484791181792595
0.3677859877561529,0.058091952080349785,0.1115122123212764,0.7862775765385372
0.5158619027123281,0.2675926767279715,0.8354802257421944,1.13741845473294
0.014693388654953843,0.3790940486719362,0.3373455467690927,-0.2667824683868686
0.019327630917601035,0.12436839900051022,0.41364267491863527,-0.5095929947485427
0.49286458444744663,0.4042897472548691,0.5309376784120938,1.9007429573603127
0.5951316749056815,0.00992382112783563,0.4640951594535039,1.236642439868569
0.9634992408875883,0.5190322801295487,0.6775422674589532,3.937432158549849
0.3118638579168832,0.7739913781527625,0.7729214818761151,-0.14041312543754791
0.521296047654139,0.9760138232792136,0.12555021476265338,4.483480990826858
0.016947664889580993,0.770158211757096,0.8071555373648825,-0.6473326311372879
0.12020722912057624,0.2655828329586061,0.01755236336662891,1.3988748057417577
0.2933086107805647,0.7731418739186715,0.5179605277125789,1.9880043811460046
0.3480955931682881,0.3717392949063303,0.0013536257154681541,2.663705598612552
0.2998005275652359,0.6464587416379305,0.9741944438163571,-0.05661850044789267
0.8470608269838995,0.023594964645529126,0.8985606046748393,1.1462780818553917
0.7831984132986259,0.7803761235709804,0.4579957590035715,3.7466466547998505
0.3980052929545028,0.3029157288331926,0.06569485895436578,2.9921406556644676
0.2282353634936991,0.24660363497802462,0.4840770697102016,0.9003205811469293
0.747444406596694,0.4738098283979466,0.057844449447160606,4.392253123281854
0.9577898009882039,0.9427243190941123,0.7851895431484084,4.341830387310655
0.9913279015642206,0.5444823328002629,0.9627683502532061,2.7049919351651277
0.07560504061675077,0.3656807482613713,0.22538126800676583,1.0196213182199214
0.19583308413427003,0.14080294889267608,0.6224136415659967,-0.2737611943953982
0.7813218557473051,0.5782983994203607,0.14696270958820967,5.592926667044492
0.8111237699334709,0.6359547071637285,0.3881657061269955,3.7238696070239556
0.674130295536063,0.25990497924283285,0.3451922084942105,2.6658808611742404
0.9174858431319902,0.2905045056714204,0.4699882681579366,3.874196383791768
0.8901411373960146,0.7077213502675275,0.06220322616470275,6.002783477883906
0.14730304427897034,0.007841590771916818,0.6309217902291634,-1.248400786522621
0.4476734254104183,0.13427485090227553,0.9579341210567704,-0.8033660795405188
0.5296597239456199,0.24189329411288918,0.5006035711547075,2.0709782589515404
0.6796203327351078,0.07623921797356448,0.274703815047892,3.0870363357517827
0.8069654908839936,0.45966487040266124,0.5465771420322949,2.8562887188465433
0.43281600220946925,0.04389994264300512,0.16574977982015593,2.4323519574256367
0.4455416387418909,0.20918546540792782,0.04997902865967874,3.081241393144576
0.8436496640518237,0.9811925291641158,0.7931428739967394,3.8683530052210284
0.853784921704667,0.24197713031704537,0.9606269755131998,1.910796873805845
0.19692570445342839,0.9514298103618323,0.994819293965951,0.18005914665090705
0.7117228057460487,0.9811437317918219,0.5695397795671037,3.3814306184844476
0.25954178317609033,0.43699588566562086,0.593560935378786,0.4060336206573765
0.07308156202701499,0.6223432646172461,0.9811778367622945,-2.4096309432219067
0.19010764978372763,0.7925951162883833,0.9078987937796194,0.25025992290801435
0.9437015928202208,0.9601356044054472,0.5214596387214719,4.293653645526653
0.9773079079915037,0.7573102071344389,0.1616714362369619,6.66785555973001
0.47690010646797,0.718331175372004,0.24734031581908333,2.9140818886433824
0.6406151835488874,0.6666004790466192,0.1626997438085659,3.9423441534463897
0.5650853124527563,0.7716269109786077,0.4988956645359419,2.5581264375709183
0.012103116776107425,0.009038469079292177,0.3570293439700122,-1.1365149468319533
0.926194068431782,0.22867677960360877,0.6343636888716871,3.8944985073250846
0.22207587069332058,0.3216699896595486,0.848042089601484,-2.0343112642862913
0.7288614422699469,0.09539927731321063,0.4287020209864336,3.1874823960609486
0.029169763645264468,0.480890146603009,0.6624340117010681,-0.7106611831200097
0.11850262359815156,0.28888493890916567,0.3978366255021569,-0.6267377046259893
0.9195310246560497,0.993255015422964,0.044911298995615856,5.911775060614711
0.761007923495392,0.37172406640234323,0.39245818622948003,4.209309705197308
0.7542649733470227,0.9184264321454086,0.9509285945025484,2.28263850754692
0.5771225860383208,0.3571211593005028,0.7875490858587793,0.660532735918292
0.25100138326230026,0.5640740288335178,0.35857846152487316,1.8760768605862816
0.6566310737078761,0.2403989128935069,0.19159294573482577,3.3584507952648743
0.9182390866754371,0.1018036829495369,0.5059579077349317,2.8079662878032647
0.22085278296300892,0.03892996332566745,0.03601881829142639,1.1823798742944098
0.17522177210582734,0.8667703545060003,0.28247874397702666,1.2493369957899185
0.9504591705752957,0.5816222929891935,0.4366141897687661,5.15610856875987
0.5800888346694546,0.5166983852262678,0.7587762537573252,2.1881976649643997
0.28249606597285226,0.3530503916003024,0.8940943025332507,-0.29769869512391445
0.9464565131504055,0.8925582274864745,0.4194479939573136,5.439885569476544
0.7803655030068817,0.4763357333010988,0.4975398521461022,4.242473487631987
0.20468010905728395,0.5911303032585165,0.18613589775334793,1.6470966222375214
0.33156469906719377,0.8550302016199351,0.20707580921085522,2.155719408232873
0.07115828517343281,0.0690075926128163,0.9407845205031079,-2.1038099940003736
0.5069204379618346,0.40941207181701833,0.8108785810079184,1.9638141151880113
0.835825927910516,0.3321910331156046,0.6936180574737952,2.2552777867694775
0.7711228158518866,0.6546506868659545,0.15159507480009937,4.529398845244051
0.875883083517057,0.5390945527360087,0.2824724263700037,4.818410262998018
0.4252281854376939,0.03757109039890738,0.12786680122241756,1.7907302798161622
0.7655467505158609,1.1634755366141114e-05,0.4165658284822922,2.0869077464545027
0.5225101810855884,0.054634420000972295,0.9730781629723328,0.36351418462812357
0.22612533124967193,0.30419871963628087,0.30394251225502733,1.9872169197644691
0.2304166621173499,0.001473822086311416,0.7293447940879964,-0.9349376979926628
0.9668454997992854,0.22429348328504506,0.6630471918034224,2.84163874528825
0.7418963269587151,0.8484253790905247,0.4226291970136091,3.3639645394070596
0.30293090564042924,0.3252951340230311,0.7126213330985128,0.15636878756326014
0.816779466505636,0.18161396775660266,0.3709410081577652,3.8862409152262187
0.90194019674915,0.8066935196947392,0.9848584027624758,3.4060966880954924
0.7542482596820808,0.39319520102792227,0.5906378339946378,2.7845162780229082
0.6610142542473203,0.07845581631712395,0.5444969591038651,1.5338562006646008
0.7093208284726096,0.16732130400106038,0.7806317174255571,0.9932697817294525
0.5837727805141116,0.9522217856975946,0.042422298206891695,5.113416242507514
0.26532613755546697,0.6015538792998241,0.2965599122059307,2.0969445204519834
0.7144241640712422,0.759005282521931,0.10251596406647445,4.009718599855283
0.5138544642067677,0.5088905555910559,0.36928077021554107,3.274130610659669
0.9329248625696721,0.8275063198732212,0.6972093819096368,4.515044417312893
0.7143266357349976,0.4617161438131191,0.9209945210965759,2.4318792255843946
0.6945954272532854,0.7289810616558164,0.8616909037873453,1.6748026739734665
0.274071589342191,0.807070903866703,0.19524060295649204,1.7158658678671652
0.34534195224488784,0.3356104542698427,0.9785254683891406,-0.6121303902869454
0.8565372237479268,0.7011698615902597,0.7270567616153901,3.75524777052158
0.5620727944025711,0.9470906671085191,0.49625875288236154,4.113949459046291
0.3805177098698945,0.163035336931591,0.786205652261058,0.22308172333704634
0.7344439320755914,0.3843550385241349,0.02519341395922936,4.244008857142522
0.8389973277180107,0.011417983454073632,0.703699779629051,1.5935386627781019
0.970257109726057,0.43766132814820347,0.23497340499595276,5.636688276298409
0.7048710100433817,0.8171281420155851,0.5464303160778473,3.0369676731391793
0.9670352752561462,0.0516687216579611,0.5047955983045281,4.2383613020692295
0.7184539473225501,0.862640471149179,0.17925561190779005,4.637591518384483
0.8000034817636814,0.5527070757185453,0.3965536819899632,4.711061550594533
0.13171502857909356,0.8652957589089124,0.15727320817971535,2.2568126812037854
0.30978785920909924,0.2900455319624369,0.8714140341908543,-0.5537094873234218
